{"cameraMode":{"drawMode":0,"name":"Shaded","section":"Shading Mode"},"sceneLighting":true,"audioPlay":false,"sceneViewState":{"m_AlwaysRefresh":false,"showFog":true,"showSkybox":true,"showFlares":true,"showImageEffects":true,"showParticleSystems":true,"showVisualEffectGraphs":true,"m_FxEnabled":true},"in2DMode":false,"pivot":{"x":-2.7528533935546877,"y":-20.949596405029298,"z":53.892112731933597},"rotation":{"x":0.20083753764629365,"y":-0.013804271817207337,"z":0.002856821520254016,"w":0.9796052575111389},"size":31.137067794799806,"orthographic":false}